Influencer ID,Post URL,Post Caption,Likes,Comments,Shares,Saves,Views,Impressions,Reach,Post Image URL
274021,https://www.tiktok.com/@itspeacheryas/video/7583057045805419797,"‡∏ä‡πà‡∏ß‡∏á‡∏ô‡∏µ‡πâ‡∏ú‡∏¥‡∏ß‡∏ï‡∏±‡∏ß‡∏´‡∏°‡∏≠‡∏á‡∏á‡πà‡∏≤‡∏¢‡∏°‡∏≤‡∏Å ‡πÅ‡∏ï‡πà‡∏û‡∏≠‡πÑ‡∏î‡πâ‡∏•‡∏≠‡∏á‡∏™‡∏Ñ‡∏£‡∏±‡∏ö‡πÅ‡∏ï‡∏á‡πÇ‡∏°‡∏Ç‡∏≠‡∏á
ABONNE' ‡∏Ñ‡∏∑‡∏≠‡∏ä‡πà‡∏ß‡∏¢‡∏ä‡∏µ‡∏ß‡∏¥‡∏ï‡πÄ‡∏•‡∏¢
‡πÉ‡∏ä‡πâ‡∏ï‡∏≠‡∏ô‡∏≠‡∏≤‡∏ö‡∏ô‡πâ‡∏≥‡∏Ç‡∏±‡πâ‡∏ô‡∏ï‡∏≠‡∏ô‡πÄ‡∏î‡∏µ‡∏¢‡∏ß ‡πÑ‡∏î‡πâ‡∏ó‡∏±‡πâ‡∏á‡∏™‡∏Ñ‡∏£‡∏±‡∏ö + ‡∏ö‡∏≥‡∏£‡∏∏‡∏á ‡∏ú‡∏¥‡∏ß‡∏ô‡∏∏‡πà‡∏°‡∏Ç‡∏∂‡πâ‡∏ô‡πÅ‡∏ö‡∏ö‡∏£‡∏π‡πâ‡∏™‡∏∂‡∏Å‡πÑ‡∏î‡πâ
‡∏Å‡∏•‡∏¥‡πà‡∏ô‡∏´‡∏≠‡∏°‡πÅ‡∏ï‡∏á‡πÇ‡∏°‡∏°‡∏≤‡∏Å üçâ‡πÑ‡∏°‡πà‡∏ö‡∏≤‡∏î‡∏ú‡∏¥‡∏ß‡πÄ‡∏•‡∏¢ ‡∏ü‡∏≠‡∏á‡∏ô‡∏∏‡πà‡∏° ‡∏•‡πâ‡∏≤‡∏á‡πÅ‡∏•‡πâ‡∏ß‡πÑ‡∏°‡πà‡πÅ‡∏´‡πâ‡∏á‡∏ï‡∏∂‡∏á‡πÉ‡∏Ñ‡∏£‡∏≠‡∏¢‡∏≤‡∏Å‡∏•‡∏≠‡∏á ‡πÅ‡∏ß‡∏∞‡∏´‡∏≤‡∏ã‡∏∑‡πâ‡∏≠‡πÑ‡∏î‡πâ‡∏ó‡∏µ‡πà 7-Eleven ‡πÉ‡∏Å‡∏•‡πâ‡∏ö‡πâ‡∏≤‡∏ô‡πÑ‡∏î‡πâ‡πÄ‡∏•‡∏¢ #‡∏ú‡∏¥‡∏ß‡∏™‡∏ß‡∏¢‡∏ó‡∏±‡∏ô‡πÉ‡∏ä‡πâ‡∏ã‡∏∑‡πâ‡∏≠‡πÑ‡∏î‡πâ‡∏ó‡∏±‡∏ô‡πÉ‡∏à‡∏ó‡∏µ‡πà7Eleven #‡πÄ‡∏≠‡∏ö‡∏≠‡∏ô‡πÄ‡∏ô‡πà‡∏ó‡∏µ‡πà‡∏™‡∏∏‡∏î‡∏Ç‡∏≠‡∏á‡∏Ñ‡∏ß‡∏≤‡∏°‡∏ã‡∏≠‡∏ü‡∏ï‡πå #‡∏™‡∏Ñ‡∏£‡∏±‡∏ö‡πÄ‡∏Å‡∏•‡∏∑‡∏≠ #‡∏Ç‡∏≠‡∏á‡∏î‡∏µ‡πÄ‡∏ã‡πÄ‡∏ß‡πà‡∏ô #‡∏™‡∏Ñ‡∏£‡∏±‡∏ö‡πÅ‡∏ï‡∏á‡πÇ‡∏°‡πÄ‡∏≠‡∏ö‡∏≠‡∏ô‡πÄ‡∏ô‡πà",63,5,1,7,,,,
611206,https://www.tiktok.com/@adinaw_j/video/7587327506588421396,"‡∏≠‡∏≤‡∏ö‡∏ô‡πâ‡∏≥‡πÅ‡∏•‡πâ‡∏ß‡∏ú‡∏¥‡∏ß‡πÉ‡∏™‡∏Ç‡∏∂‡πâ‡∏ô‡∏ó‡∏±‡∏ô‡∏ó‡∏µ‡∏à‡∏£‡∏¥‡∏á! ‡∏™‡∏Ñ‡∏£‡∏±‡∏ö‡πÅ‡∏ï‡∏á‡πÇ‡∏°‡∏ï‡πâ‡∏≠‡∏á‡∏°‡∏µ
‡∏ï‡∏¥‡∏î‡∏ö‡πâ‡∏≤‡∏ôü´ßüõÅüçâ

#‡∏ú‡∏¥‡∏ß‡∏™‡∏ß‡∏¢‡∏ó‡∏±‡∏ô‡πÉ‡∏ä‡πâ‡∏ã‡∏∑‡πâ‡∏≠‡πÑ‡∏î‡πâ‡∏ó‡∏±‡∏ô‡πÉ‡∏à‡∏ó‡∏µ‡πà7Eleven #‡πÄ‡∏≠‡∏ö‡∏≠‡∏ô‡πÄ‡∏ô‡πà‡∏ó‡∏µ‡πà‡∏™‡∏∏‡∏î‡∏Ç‡∏≠‡∏á‡∏Ñ‡∏ß‡∏≤‡∏°‡∏ã‡∏≠‡∏ü‡∏ï‡πå
#‡∏™‡∏Ñ‡∏£‡∏±‡∏ö‡πÄ‡∏Å‡∏•‡∏∑‡∏≠
#‡∏Ç‡∏≠‡∏á‡∏î‡∏µ‡πÄ‡∏ã‡πÄ‡∏ß‡πà‡∏ô
#‡∏™‡∏Ñ‡∏£‡∏±‡∏ö‡πÅ‡∏ï‡∏á‡πÇ‡∏°‡πÄ‡∏≠‡∏ö‡∏≠‡∏ô‡πÄ‡∏ô‡πà",269,1,9,43,,,,